[
	{
		"id": 0,
		"zone_id": 0,
		"description": "K. E. von Baeri tn 1a parkla",
		"coords": [
			26.714202,
			58.382372
		],
		"poly_coords": [
			[
				26.714443,
				58.38243
			],
			[
				26.714135,
				58.382491
			],
			[
				26.714081,
				58.382282
			],
			[
				26.714258,
				58.382254
			]
		]
	},
	{
		"id": 1,
		"zone_id": 0,
		"description": "Vallikraavi tn 4a parkla",
		"coords": [
			26.722503,
			58.377861
		],
		"poly_coords": [
			[
				26.722001,
				58.377906
			],
			[
				26.722001,
				58.377859
			],
			[
				26.722659,
				58.377812
			],
			[
				26.722822,
				58.377857
			],
			[
				26.722629,
				58.377986
			],
			[
				26.72249,
				58.377909
			],
			[
				26.722288,
				58.377887
			]
		]
	},
	{
		"id": 2,
		"zone_id": 1,
		"description": "Soola tn 3a parkla (Tartu hotelli ees asuv parkla)",
		"coords": [
			26.733025,
			58.377899
		],
		"poly_coords": [
			[
				26.732527,
				58.377846
			],
			[
				26.733208,
				58.378161
			],
			[
				26.733583,
				58.377986
			],
			[
				26.732929,
				58.377649
			]
		]
	},
	{
		"id": 3,
		"zone_id": 1,
		"description": "Soola tn T5 parkla (Turusilla parkla)",
		"coords": [
			26.735659,
			58.378514
		],
		"poly_coords": [
			[
				26.735053,
				58.378455
			],
			[
				26.735225,
				58.378582
			],
			[
				26.735241,
				58.378697
			],
			[
				26.736056,
				58.378709
			],
			[
				26.736169,
				58.378585
			],
			[
				26.736217,
				58.378433
			]
		]
	},
	{
		"id": 4,
		"zone_id": 1,
		"description": "Turu tn 10 parkla (Aura veekeskuse parkla)",
		"coords": [
			26.735263,
			58.375201
		],
		"poly_coords": [
			[
				26.734298,
				58.375199
			],
			[
				26.736594,
				58.375545
			],
			[
				26.736717,
				58.375305
			],
			[
				26.734486,
				58.374957
			]
		]
	},
	{
		"id": 5,
		"zone_id": 1,
		"description": "Vanemuise tn 15 parkla (Tartu Ülikooli raamatukogu ees asuv parkla)",
		"coords": [
			26.722603,
			58.376728
		],
		"poly_coords": [
			[
				26.722506,
				58.376438
			],
			[
				26.722055,
				58.376809
			],
			[
				26.722699,
				58.377093
			],
			[
				26.72316,
				58.376716
			]
		]
	},
	{
		"id": 6,
		"zone_id": 1,
		"description": "Magistri tn parkla (Tartu Oskar Lutsu nimelise Linnaraamatukogu ees asuv parkla)",
		"coords": [
			26.724185,
			58.381457
		],
		"poly_coords": [
			[
				26.723616,
				58.381848
			],
			[
				26.724233,
				58.381898
			],
			[
				26.724641,
				58.381144
			],
			[
				26.724335,
				58.381088
			],
			[
				26.724447,
				58.380939
			],
			[
				26.724324,
				58.380917
			]
		]
	},
	{
		"id": 7,
		"zone_id": 1,
		"description": "Väike-Turu tn 2 parkla (Sadamaturu parkla)",
		"coords": [
			26.734506,
			58.378
		],
		"poly_coords": [
			[
				26.733433,
				58.378152
			],
			[
				26.733975,
				58.378225
			],
			[
				26.734162,
				58.378183
			],
			[
				26.734313,
				58.378261
			],
			[
				26.73435,
				58.378396
			],
			[
				26.735804,
				58.378394
			],
			[
				26.735804,
				58.378349
			],
			[
				26.73516,
				58.378337
			],
			[
				26.735149,
				58.378177
			],
			[
				26.735203,
				58.377913
			],
			[
				26.735106,
				58.377887
			],
			[
				26.735096,
				58.377696
			],
			[
				26.735316,
				58.377595
			],
			[
				26.734935,
				58.37742
			]
		]
	}
]